Footnote,Year,"Country of origin (ISO)","Country of asylum (ISO)","Population type"
"Refugees includes people in refugee-like situations","2020 - 2022",UKR,,REF
"IDP figure in Ukraine includes 800,000 people who are in an IDP-like situation.","2015 - 2017",UKR,UKR,IDP
"Figure of others of concern relates to persons who have specific protection needs and live in non-government-controlled areas or within 20 km of the contact line in government-controlled areas.",2019,UKR,,OOC
"The IDP and others of concern figures do not include affected communities, who are not displaced, some of whom were targeted for assistance by UNHCR and partners.",2022,UKR,,IDP
"The IDP figure has been aligned to the inter-agency methodology as defined in the 2020 Humanitarian Needs Overview. Figure of others of concern relates to persons who have specific protection needs and live in non-government-controlled areas or within 20 km of the contact line in government-controlled areas.","2019 - 2020",UKR,,IDP
"IDP figure in Ukraine includes 700,000 people who are in an IDP-like situation.",2018,UKR,UKR,IDP
"The IDP figure has been aligned to the inter-agency methodology as defined in the 2022 Humanitarian Needs Overview, including an area-based improvement of the estimation of people displaced in government-controlled areas. The others of concern figure relates to persons who have specific protection needs and live in non-government-controlled areas.",2021,UKR,,IDP
