Extracted:,"United Nations High Commissioner for Refugees"
"Date extracted:","04/11/2022 14:48 UTC"
"Last updated:","16 June 2022"
"Some data presented may differ from statistics published previously due to retroactive changes or the inclusion of previously unavailable data."

"Data table contains the following:","Population figures"
"Content type","End year stock population totals"
"Data quick link",https://www.unhcr.org/refugee-statistics/download/?url=5onKM8
"Data definitions",https://www.unhcr.org/refugee-statistics/methodology/
"Usage licence",https://creativecommons.org/licenses/by/4.0/
"Population types included","REF,ROC,ASY,IDP,IOC,OIP,OOC,STA"
Years:,"2001,2004,2002,2003,2005,2006,2007,2008,2009,2010,2011,2013,2012,2014,2015,2016,2017,2019,2018,2020,2021,2022"
Origin:,UKR
"Country of asylum:",all
Year,"Country of origin","Country of origin (ISO)","Country of asylum","Country of asylum (ISO)","Refugees under UNHCR's mandate",Asylum-seekers,"IDPs of concern to UNHCR","Other people in need of international protection","Stateless persons","Host Community","Others of concern"
2001,Ukraine,UKR,Argentina,ARG,0,25,0,,0,0,0
2001,Ukraine,UKR,Australia,AUS,27,259,0,,0,0,0
2001,Ukraine,UKR,Austria,AUT,19,0,0,,0,0,0
2001,Ukraine,UKR,Belgium,BEL,188,0,0,,0,0,0
2001,Ukraine,UKR,Canada,CAN,726,546,0,,0,0,0
2001,Ukraine,UKR,Cyprus,CYP,0,20,0,,0,0,0
2001,Ukraine,UKR,Czechia,CZE,21,3564,0,,0,0,0
2001,Ukraine,UKR,Denmark,DNK,59,25,0,,0,0,0
2001,Ukraine,UKR,Ecuador,ECU,0,5,0,,0,0,0
2001,Ukraine,UKR,Finland,FIN,11,0,0,,0,0,0
2001,Ukraine,UKR,France,FRA,407,0,0,,0,0,0
2001,Ukraine,UKR,"United Kingdom of Great Britain and Northern Ireland",GBR,260,0,0,,0,0,0
2001,Ukraine,UKR,Germany,DEU,0,211,0,,0,0,0
2001,Ukraine,UKR,Hungary,HUN,10,12,0,,0,0,0
2001,Ukraine,UKR,Iceland,ISL,5,0,0,,0,0,0
2001,Ukraine,UKR,Ireland,IRL,24,0,0,,0,0,0
2001,Ukraine,UKR,Israel,ISR,0,5,0,,0,0,0
2001,Ukraine,UKR,Italy,ITA,22,0,0,,0,0,0
2001,Ukraine,UKR,Mexico,MEX,6,0,0,,0,0,0
2001,Ukraine,UKR,Netherlands,NLD,444,352,0,,0,0,0
2001,Ukraine,UKR,Norway,NOR,67,0,0,,0,0,0
2001,Ukraine,UKR,"Russian Federation",RUS,5,0,0,,0,0,0
2001,Ukraine,UKR,Spain,ESP,54,0,0,,0,0,0
2001,Ukraine,UKR,Slovakia,SVK,0,6,0,,0,0,0
2001,Ukraine,UKR,Slovenia,SVN,0,6,0,,0,0,0
2001,Ukraine,UKR,Sweden,SWE,236,0,0,,0,0,0
2001,Ukraine,UKR,Switzerland,CHE,10,88,0,,0,0,0
2001,Ukraine,UKR,Uruguay,URY,14,0,0,,0,0,0
2001,Ukraine,UKR,"United States of America",USA,24097,772,0,,0,0,0
2002,Ukraine,UKR,Argentina,ARG,0,23,0,,0,0,0
2002,Ukraine,UKR,Australia,AUS,40,125,0,,0,0,0
2002,Ukraine,UKR,Austria,AUT,28,0,0,,0,0,0
2002,Ukraine,UKR,Belgium,BEL,173,0,0,,0,0,0
2002,Ukraine,UKR,Canada,CAN,712,570,0,,0,0,0
2002,Ukraine,UKR,Cyprus,CYP,0,34,0,,0,0,0
2002,Ukraine,UKR,Czechia,CZE,23,1983,0,,0,0,0
2002,Ukraine,UKR,Denmark,DNK,58,12,0,,0,0,0
2002,Ukraine,UKR,Finland,FIN,14,0,0,,0,0,0
2002,Ukraine,UKR,France,FRA,438,0,0,,0,0,0
2002,Ukraine,UKR,"United Kingdom of Great Britain and Northern Ireland",GBR,345,0,0,,0,0,0
2002,Ukraine,UKR,Germany,DEU,53502,245,0,,0,0,0
2002,Ukraine,UKR,Hungary,HUN,13,5,0,,0,0,0
2002,Ukraine,UKR,Iceland,ISL,5,0,0,,0,0,0
2002,Ukraine,UKR,Ireland,IRL,57,0,0,,0,0,0
2002,Ukraine,UKR,Israel,ISR,0,5,0,,0,0,0
2002,Ukraine,UKR,Italy,ITA,22,0,0,,0,0,0
2002,Ukraine,UKR,Mexico,MEX,6,0,0,,0,0,0
2002,Ukraine,UKR,Netherlands,NLD,462,271,0,,0,0,0
2002,Ukraine,UKR,Norway,NOR,74,0,0,,0,0,0
2002,Ukraine,UKR,Poland,POL,0,8,0,,0,0,0
2002,Ukraine,UKR,Spain,ESP,62,0,0,,0,0,0
2002,Ukraine,UKR,Slovakia,SVK,0,33,0,,0,0,0
2002,Ukraine,UKR,Slovenia,SVN,0,14,0,,0,0,0
2002,Ukraine,UKR,Sweden,SWE,229,617,0,,0,0,0
2002,Ukraine,UKR,Switzerland,CHE,14,163,0,,0,0,0
2002,Ukraine,UKR,Uruguay,URY,14,0,0,,0,0,0
2002,Ukraine,UKR,"United States of America",USA,28967,764,0,,0,0,0
2003,Ukraine,UKR,Argentina,ARG,5,17,0,,0,0,0
2003,Ukraine,UKR,Australia,AUS,44,10,0,,0,0,0
2003,Ukraine,UKR,Austria,AUT,38,0,0,,0,0,0
2003,Ukraine,UKR,Belgium,BEL,152,39,0,,0,0,0
2003,Ukraine,UKR,Canada,CAN,817,421,0,,0,0,0
2003,Ukraine,UKR,Cyprus,CYP,0,99,0,,0,0,0
2003,Ukraine,UKR,Czechia,CZE,34,565,0,,0,0,0
2003,Ukraine,UKR,Denmark,DNK,60,0,0,,0,0,0
2003,Ukraine,UKR,Finland,FIN,19,0,0,,0,0,0
2003,Ukraine,UKR,France,FRA,519,0,0,,0,0,0
2003,Ukraine,UKR,"United Kingdom of Great Britain and Northern Ireland",GBR,425,0,0,,0,0,0
2003,Ukraine,UKR,Germany,DEU,57309,82,0,,0,0,0
2003,Ukraine,UKR,Hungary,HUN,15,5,0,,0,0,0
2003,Ukraine,UKR,Iceland,ISL,5,0,0,,0,0,0
2003,Ukraine,UKR,Ireland,IRL,88,173,0,,0,0,0
2003,Ukraine,UKR,Italy,ITA,25,0,0,,0,0,0
2003,Ukraine,UKR,Netherlands,NLD,478,188,0,,0,0,0
2003,Ukraine,UKR,Norway,NOR,73,0,0,,0,0,0
2003,Ukraine,UKR,Poland,POL,0,25,0,,0,0,0
2003,Ukraine,UKR,Spain,ESP,65,0,0,,0,0,0
2003,Ukraine,UKR,Slovakia,SVK,0,68,0,,0,0,0
2003,Ukraine,UKR,Sweden,SWE,218,437,0,,0,0,0
2003,Ukraine,UKR,Switzerland,CHE,16,61,0,,0,0,0
2003,Ukraine,UKR,Uruguay,URY,12,0,0,,0,0,0
2003,Ukraine,UKR,"United States of America",USA,33724,660,0,,0,0,0
2004,Ukraine,UKR,Argentina,ARG,10,18,0,,0,0,0
2004,Ukraine,UKR,Australia,AUS,40,0,0,,0,0,0
2004,Ukraine,UKR,Austria,AUT,65,0,0,,0,0,0
2004,Ukraine,UKR,Belgium,BEL,144,52,0,,0,0,0
2004,Ukraine,UKR,"Bosnia and Herzegovina",BIH,0,5,0,,0,0,0
2004,Ukraine,UKR,Canada,CAN,961,363,0,,0,0,0
2004,Ukraine,UKR,Cyprus,CYP,5,823,0,,0,0,0
2004,Ukraine,UKR,Czechia,CZE,38,187,0,,0,0,0
2004,Ukraine,UKR,Denmark,DNK,65,5,0,,0,0,0
2004,Ukraine,UKR,Finland,FIN,20,0,0,,0,0,0
2004,Ukraine,UKR,France,FRA,583,0,0,,0,0,0
2004,Ukraine,UKR,"United Kingdom of Great Britain and Northern Ireland",GBR,468,0,0,,0,0,0
2004,Ukraine,UKR,Germany,DEU,57693,84,0,,0,0,0
2004,Ukraine,UKR,Greece,GRC,5,8,0,,0,0,0
2004,Ukraine,UKR,Hungary,HUN,27,10,0,,0,0,0
2004,Ukraine,UKR,Iceland,ISL,5,0,0,,0,0,0
2004,Ukraine,UKR,Ireland,IRL,136,104,0,,0,0,0
2004,Ukraine,UKR,Italy,ITA,29,0,0,,0,0,0
2004,Ukraine,UKR,Netherlands,NLD,440,94,0,,0,0,0
2004,Ukraine,UKR,Norway,NOR,74,0,0,,0,0,0
2004,Ukraine,UKR,Poland,POL,10,12,0,,0,0,0
2004,Ukraine,UKR,Spain,ESP,67,0,0,,0,0,0
2004,Ukraine,UKR,Slovakia,SVK,0,72,0,,0,0,0
2004,Ukraine,UKR,Sweden,SWE,179,216,0,,0,0,0
2004,Ukraine,UKR,Switzerland,CHE,23,20,0,,0,0,0
2004,Ukraine,UKR,Uruguay,URY,12,0,0,,0,0,0
2004,Ukraine,UKR,"United States of America",USA,28483,569,0,,0,0,0
2005,Ukraine,UKR,Argentina,ARG,11,11,0,,0,0,0
2005,Ukraine,UKR,Australia,AUS,34,5,0,,0,0,0
2005,Ukraine,UKR,Austria,AUT,101,0,0,,0,0,0
2005,Ukraine,UKR,Belgium,BEL,138,112,0,,0,0,0
2005,Ukraine,UKR,Belarus,BLR,0,5,0,,0,0,0
2005,Ukraine,UKR,Bulgaria,BGR,0,5,0,,0,0,0
2005,Ukraine,UKR,Canada,CAN,1100,315,0,,0,0,0
2005,Ukraine,UKR,Cyprus,CYP,12,1100,0,,0,0,0
2005,Ukraine,UKR,Czechia,CZE,45,129,0,,0,0,0
2005,Ukraine,UKR,Denmark,DNK,60,0,0,,0,0,0
2005,Ukraine,UKR,Finland,FIN,20,0,0,,0,0,0
2005,Ukraine,UKR,France,FRA,643,0,0,,0,0,0
2005,Ukraine,UKR,"United Kingdom of Great Britain and Northern Ireland",GBR,484,0,0,,0,0,0
2005,Ukraine,UKR,Germany,DEU,56276,195,0,,0,0,0
2005,Ukraine,UKR,Greece,GRC,5,6,0,,0,0,0
2005,Ukraine,UKR,Hungary,HUN,52,5,0,,0,0,0
2005,Ukraine,UKR,Iceland,ISL,26,0,0,,0,0,0
2005,Ukraine,UKR,Ireland,IRL,162,0,0,,0,0,0
2005,Ukraine,UKR,Italy,ITA,29,0,0,,0,0,0
2005,Ukraine,UKR,Netherlands,NLD,390,57,0,,0,0,0
2005,Ukraine,UKR,Norway,NOR,74,0,0,,0,0,0
2005,Ukraine,UKR,Poland,POL,10,0,0,,0,0,0
2005,Ukraine,UKR,Spain,ESP,68,0,0,,0,0,0
2005,Ukraine,UKR,Slovakia,SVK,12,58,0,,0,0,0
2005,Ukraine,UKR,Sweden,SWE,172,90,0,,0,0,0
2005,Ukraine,UKR,Switzerland,CHE,31,7,0,,0,0,0
2005,Ukraine,UKR,Uruguay,URY,12,0,0,,0,0,0
2005,Ukraine,UKR,"United States of America",USA,24256,564,0,,0,0,0
2006,Ukraine,UKR,Argentina,ARG,11,11,0,,0,0,0
2006,Ukraine,UKR,Australia,AUS,30,5,0,,0,0,0
2006,Ukraine,UKR,Austria,AUT,131,721,0,,0,0,0
2006,Ukraine,UKR,Belgium,BEL,126,42,0,,0,0,0
2006,Ukraine,UKR,Canada,CAN,1177,283,0,,0,0,0
2006,Ukraine,UKR,Cyprus,CYP,14,870,0,,0,0,0
2006,Ukraine,UKR,Czechia,CZE,63,658,0,,0,0,0
2006,Ukraine,UKR,Denmark,DNK,57,0,0,,0,0,0
2006,Ukraine,UKR,Finland,FIN,20,9,0,,0,0,0
2006,Ukraine,UKR,France,FRA,663,0,0,,0,0,0
2006,Ukraine,UKR,"United Kingdom of Great Britain and Northern Ireland",GBR,492,0,0,,0,0,0
2006,Ukraine,UKR,Germany,DEU,16446,126,0,,0,0,0
2006,Ukraine,UKR,Greece,GRC,5,0,0,,0,0,0
2006,Ukraine,UKR,Hungary,HUN,48,9,0,,0,0,0
2006,Ukraine,UKR,Iceland,ISL,26,5,0,,0,0,0
2006,Ukraine,UKR,Ireland,IRL,163,31,0,,0,0,0
2006,Ukraine,UKR,Italy,ITA,29,0,0,,0,0,0
2006,Ukraine,UKR,Netherlands,NLD,241,51,0,,0,0,0
2006,Ukraine,UKR,Norway,NOR,74,7,0,,0,0,0
2006,Ukraine,UKR,Poland,POL,11,5,0,,0,0,0
2006,Ukraine,UKR,Romania,ROU,0,5,0,,0,0,0
2006,Ukraine,UKR,"Russian Federation",RUS,0,6,0,,0,0,0
2006,Ukraine,UKR,Spain,ESP,65,0,0,,0,0,0
2006,Ukraine,UKR,Slovakia,SVK,12,61,0,,0,0,0
2006,Ukraine,UKR,Sweden,SWE,165,73,0,,0,0,0
2006,Ukraine,UKR,Switzerland,CHE,28,6,0,,0,0,0
2006,Ukraine,UKR,Uruguay,URY,12,0,0,,0,0,0
2006,Ukraine,UKR,"United States of America",USA,43607,494,0,,0,0,0
2007,Ukraine,UKR,Argentina,ARG,11,15,0,,0,0,0
2007,Ukraine,UKR,Australia,AUS,55,0,0,,0,0,0
2007,Ukraine,UKR,Austria,AUT,151,684,0,,0,0,0
2007,Ukraine,UKR,Belgium,BEL,109,0,0,,0,0,0
2007,Ukraine,UKR,Brazil,BRA,0,5,0,,0,0,0
2007,Ukraine,UKR,Canada,CAN,1911,332,0,,0,0,0
2007,Ukraine,UKR,"Costa Rica",CRI,18,0,0,,0,0,0
2007,Ukraine,UKR,Cyprus,CYP,18,407,0,,0,0,0
2007,Ukraine,UKR,Czechia,CZE,78,347,0,,0,0,0
2007,Ukraine,UKR,Denmark,DNK,56,0,0,,0,0,0
2007,Ukraine,UKR,Finland,FIN,20,5,0,,0,0,0
2007,Ukraine,UKR,France,FRA,673,0,0,,0,0,0
2007,Ukraine,UKR,"United Kingdom of Great Britain and Northern Ireland",GBR,504,0,0,,0,0,0
2007,Ukraine,UKR,Germany,DEU,19573,76,0,,0,0,0
2007,Ukraine,UKR,Greece,GRC,5,6,0,,0,0,0
2007,Ukraine,UKR,Hungary,HUN,49,0,0,,0,0,0
2007,Ukraine,UKR,Iceland,ISL,5,0,0,,0,0,0
2007,Ukraine,UKR,Ireland,IRL,197,40,0,,0,0,0
2007,Ukraine,UKR,Israel,ISR,0,5,0,,0,0,0
2007,Ukraine,UKR,Italy,ITA,62,0,0,,0,0,0
2007,Ukraine,UKR,Netherlands,NLD,205,0,0,,0,0,0
2007,Ukraine,UKR,Norway,NOR,74,5,0,,0,0,0
2007,Ukraine,UKR,Poland,POL,11,12,0,,0,0,0
2007,Ukraine,UKR,"Russian Federation",RUS,0,26,0,,0,0,0
2007,Ukraine,UKR,Spain,ESP,65,0,0,,0,0,0
2007,Ukraine,UKR,Slovakia,SVK,13,0,0,,0,0,0
2007,Ukraine,UKR,Sweden,SWE,172,75,0,,0,0,0
2007,Ukraine,UKR,Switzerland,CHE,21,5,0,,0,0,0
2007,Ukraine,UKR,Uruguay,URY,12,0,0,,0,0,0
2007,Ukraine,UKR,"United States of America",USA,1912,373,0,,0,0,0
2008,Ukraine,UKR,Argentina,ARG,24,0,0,,0,0,0
2008,Ukraine,UKR,Australia,AUS,55,0,0,,0,0,0
2008,Ukraine,UKR,Austria,AUT,221,515,0,,0,0,0
2008,Ukraine,UKR,Belgium,BEL,100,0,0,,0,0,0
2008,Ukraine,UKR,Belarus,BLR,0,6,0,,0,0,0
2008,Ukraine,UKR,Canada,CAN,1904,401,0,,0,0,0
2008,Ukraine,UKR,"Costa Rica",CRI,18,0,0,,0,0,0
2008,Ukraine,UKR,Cyprus,CYP,21,274,0,,0,0,0
2008,Ukraine,UKR,Czechia,CZE,85,216,0,,0,0,0
2008,Ukraine,UKR,Denmark,DNK,49,0,0,,0,0,0
2008,Ukraine,UKR,Finland,FIN,19,5,0,,0,0,0
2008,Ukraine,UKR,France,FRA,678,0,0,,0,0,0
2008,Ukraine,UKR,"United Kingdom of Great Britain and Northern Ireland",GBR,509,0,0,,0,0,0
2008,Ukraine,UKR,Germany,DEU,22156,48,0,,0,0,0
2008,Ukraine,UKR,Greece,GRC,5,9,0,,0,0,0
2008,Ukraine,UKR,Hungary,HUN,49,5,0,,0,0,0
2008,Ukraine,UKR,Ireland,IRL,199,41,0,,0,0,0
2008,Ukraine,UKR,Italy,ITA,63,0,0,,0,0,0
2008,Ukraine,UKR,Netherlands,NLD,170,0,0,,0,0,0
2008,Ukraine,UKR,Norway,NOR,76,13,0,,0,0,0
2008,Ukraine,UKR,Poland,POL,13,7,0,,0,0,0
2008,Ukraine,UKR,"Russian Federation",RUS,6,9,0,,0,0,0
2008,Ukraine,UKR,Spain,ESP,56,0,0,,0,0,0
2008,Ukraine,UKR,Slovakia,SVK,16,0,0,,0,0,0
2008,Ukraine,UKR,Sweden,SWE,162,38,0,,0,0,0
2008,Ukraine,UKR,Switzerland,CHE,22,19,0,,0,0,0
2008,Ukraine,UKR,Uruguay,URY,12,0,0,,0,0,0
2008,Ukraine,UKR,"United States of America",USA,1728,294,0,,0,0,0
2009,Ukraine,UKR,Argentina,ARG,19,0,0,,0,0,0
2009,Ukraine,UKR,Australia,AUS,52,0,0,,0,0,0
2009,Ukraine,UKR,Austria,AUT,259,368,0,,0,0,0
2009,Ukraine,UKR,Belgium,BEL,89,0,0,,0,0,0
2009,Ukraine,UKR,Belarus,BLR,0,6,0,,0,0,0
2009,Ukraine,UKR,Bulgaria,BGR,0,7,0,,0,0,0
2009,Ukraine,UKR,Canada,CAN,1914,378,0,,0,0,0
2009,Ukraine,UKR,"Costa Rica",CRI,18,0,0,,0,0,0
2009,Ukraine,UKR,Cyprus,CYP,28,58,0,,0,0,0
2009,Ukraine,UKR,Czechia,CZE,87,178,0,,0,0,0
2009,Ukraine,UKR,Denmark,DNK,35,0,0,,0,0,0
2009,Ukraine,UKR,Finland,FIN,18,0,0,,0,0,0
2009,Ukraine,UKR,France,FRA,702,0,0,,0,0,0
2009,Ukraine,UKR,"United Kingdom of Great Britain and Northern Ireland",GBR,485,0,0,,0,0,0
2009,Ukraine,UKR,Germany,DEU,18412,73,0,,0,0,0
2009,Ukraine,UKR,Greece,GRC,5,0,0,,0,0,0
2009,Ukraine,UKR,Hungary,HUN,47,7,0,,0,0,0
2009,Ukraine,UKR,Ireland,IRL,193,5,0,,0,0,0
2009,Ukraine,UKR,Italy,ITA,76,0,0,,0,0,0
2009,Ukraine,UKR,Netherlands,NLD,149,25,0,,0,0,0
2009,Ukraine,UKR,Norway,NOR,72,10,0,,0,0,0
2009,Ukraine,UKR,Poland,POL,17,7,0,,0,0,0
2009,Ukraine,UKR,Romania,ROU,0,5,0,,0,0,0
2009,Ukraine,UKR,"Russian Federation",RUS,7,6,0,,0,0,0
2009,Ukraine,UKR,Spain,ESP,42,0,0,,0,0,0
2009,Ukraine,UKR,Slovakia,SVK,16,0,0,,0,0,0
2009,Ukraine,UKR,Sweden,SWE,163,114,0,,0,0,0
2009,Ukraine,UKR,Switzerland,CHE,26,25,0,,0,0,0
2009,Ukraine,UKR,Uruguay,URY,12,0,0,,0,0,0
2009,Ukraine,UKR,"United States of America",USA,1569,258,0,,0,0,0
2010,Ukraine,UKR,Argentina,ARG,19,0,0,,0,0,0
2010,Ukraine,UKR,Australia,AUS,42,10,0,,0,0,0
2010,Ukraine,UKR,Austria,AUT,282,238,0,,0,0,0
2010,Ukraine,UKR,Belgium,BEL,86,0,0,,0,0,0
2010,Ukraine,UKR,Bulgaria,BGR,0,8,0,,0,0,0
2010,Ukraine,UKR,Canada,CAN,1871,341,0,,0,0,0
2010,Ukraine,UKR,"Costa Rica",CRI,18,0,0,,0,0,0
2010,Ukraine,UKR,Cyprus,CYP,28,71,0,,0,0,0
2010,Ukraine,UKR,Czechia,CZE,94,131,0,,0,0,0
2010,Ukraine,UKR,Denmark,DNK,19,6,0,,0,0,0
2010,Ukraine,UKR,Finland,FIN,15,5,0,,0,0,0
2010,Ukraine,UKR,France,FRA,712,0,0,,0,0,0
2010,Ukraine,UKR,"United Kingdom of Great Britain and Northern Ireland",GBR,284,0,0,,0,0,0
2010,Ukraine,UKR,Germany,DEU,19398,94,0,,0,0,0
2010,Ukraine,UKR,Greece,GRC,5,78,0,,0,0,0
2010,Ukraine,UKR,Hungary,HUN,44,7,0,,0,0,0
2010,Ukraine,UKR,Ireland,IRL,187,30,0,,0,0,0
2010,Ukraine,UKR,Italy,ITA,71,6,0,,0,0,0
2010,Ukraine,UKR,"Rep. of Moldova",MDA,0,11,0,,0,0,0
2010,Ukraine,UKR,Netherlands,NLD,124,15,0,,0,0,0
2010,Ukraine,UKR,Norway,NOR,70,0,0,,0,0,0
2010,Ukraine,UKR,Poland,POL,20,16,0,,0,0,0
2010,Ukraine,UKR,Romania,ROU,0,5,0,,0,0,0
2010,Ukraine,UKR,"Russian Federation",RUS,15,6,0,,0,0,0
2010,Ukraine,UKR,Spain,ESP,25,0,0,,0,0,0
2010,Ukraine,UKR,Slovakia,SVK,17,0,0,,0,0,0
2010,Ukraine,UKR,Sweden,SWE,140,111,0,,0,0,0
2010,Ukraine,UKR,Switzerland,CHE,29,12,0,,0,0,0
2010,Ukraine,UKR,Uruguay,URY,12,0,0,,0,0,0
2010,Ukraine,UKR,"United States of America",USA,1475,49,0,,0,0,0
2011,Ukraine,UKR,Argentina,ARG,18,7,0,,0,0,0
2011,Ukraine,UKR,Australia,AUS,40,6,0,,0,0,0
2011,Ukraine,UKR,Austria,AUT,308,141,0,,0,0,0
2011,Ukraine,UKR,Belgium,BEL,84,54,0,,0,0,0
2011,Ukraine,UKR,Canada,CAN,1788,283,0,,0,0,0
2011,Ukraine,UKR,"Costa Rica",CRI,18,0,0,,0,0,0
2011,Ukraine,UKR,Cyprus,CYP,28,60,0,,0,0,0
2011,Ukraine,UKR,Czechia,CZE,94,0,0,,0,0,0
2011,Ukraine,UKR,Denmark,DNK,10,0,0,,0,0,0
2011,Ukraine,UKR,Finland,FIN,11,0,0,,0,0,0
2011,Ukraine,UKR,France,FRA,716,0,0,,0,0,0
2011,Ukraine,UKR,"United Kingdom of Great Britain and Northern Ireland",GBR,252,39,0,,0,0,0
2011,Ukraine,UKR,Germany,DEU,19922,70,0,,0,0,0
2011,Ukraine,UKR,Greece,GRC,5,0,0,,0,0,0
2011,Ukraine,UKR,Croatia,HRV,0,5,0,,0,0,0
2011,Ukraine,UKR,Hungary,HUN,44,0,0,,0,0,0
2011,Ukraine,UKR,Ireland,IRL,175,43,0,,0,0,0
2011,Ukraine,UKR,Italy,ITA,60,0,0,,0,0,0
2011,Ukraine,UKR,Netherlands,NLD,103,28,0,,0,0,0
2011,Ukraine,UKR,Norway,NOR,12,5,0,,0,0,0
2011,Ukraine,UKR,Poland,POL,25,52,0,,0,0,0
2011,Ukraine,UKR,Portugal,PRT,0,5,0,,0,0,0
2011,Ukraine,UKR,Romania,ROU,0,6,0,,0,0,0
2011,Ukraine,UKR,"Russian Federation",RUS,5,8,0,,0,0,0
2011,Ukraine,UKR,Spain,ESP,18,0,0,,0,0,0
2011,Ukraine,UKR,Slovakia,SVK,17,0,0,,0,0,0
2011,Ukraine,UKR,Sweden,SWE,118,140,0,,0,0,0
2011,Ukraine,UKR,Switzerland,CHE,26,13,0,,0,0,0
2011,Ukraine,UKR,Uruguay,URY,12,0,0,,0,0,0
2011,Ukraine,UKR,"United States of America",USA,1463,74,0,,0,0,0
2012,Ukraine,UKR,Argentina,ARG,18,13,0,,0,0,0
2012,Ukraine,UKR,Australia,AUS,26,16,0,,0,0,0
2012,Ukraine,UKR,Austria,AUT,309,131,0,,0,0,0
2012,Ukraine,UKR,Belgium,BEL,85,32,0,,0,0,0
2012,Ukraine,UKR,Belarus,BLR,0,5,0,,0,0,0
2012,Ukraine,UKR,Canada,CAN,1737,310,0,,0,0,0
2012,Ukraine,UKR,"Costa Rica",CRI,18,0,0,,0,0,0
2012,Ukraine,UKR,Cyprus,CYP,28,11,0,,0,0,0
2012,Ukraine,UKR,Czechia,CZE,105,43,0,,0,0,0
2012,Ukraine,UKR,Denmark,DNK,9,5,0,,0,0,0
2012,Ukraine,UKR,Finland,FIN,8,15,0,,0,0,0
2012,Ukraine,UKR,France,FRA,719,0,0,,0,0,0
2012,Ukraine,UKR,"United Kingdom of Great Britain and Northern Ireland",GBR,192,52,0,,0,0,0
2012,Ukraine,UKR,Germany,DEU,20059,158,0,,0,0,0
2012,Ukraine,UKR,Greece,GRC,5,0,0,,0,0,0
2012,Ukraine,UKR,Croatia,HRV,5,0,0,,0,0,0
2012,Ukraine,UKR,Hungary,HUN,41,0,0,,0,0,0
2012,Ukraine,UKR,Ireland,IRL,134,40,0,,0,0,0
2012,Ukraine,UKR,Italy,ITA,60,13,0,,0,0,0
2012,Ukraine,UKR,Liechtenstein,LIE,0,5,0,,0,0,0
2012,Ukraine,UKR,Lithuania,LTU,5,0,0,,0,0,0
2012,Ukraine,UKR,Netherlands,NLD,74,28,0,,0,0,0
2012,Ukraine,UKR,Norway,NOR,5,25,0,,0,0,0
2012,Ukraine,UKR,Poland,POL,25,38,0,,0,0,0
2012,Ukraine,UKR,Portugal,PRT,0,5,0,,0,0,0
2012,Ukraine,UKR,"Russian Federation",RUS,5,6,0,,0,0,0
2012,Ukraine,UKR,Spain,ESP,10,15,0,,0,0,0
2012,Ukraine,UKR,Slovakia,SVK,17,0,0,,0,0,0
2012,Ukraine,UKR,Sweden,SWE,111,87,0,,0,0,0
2012,Ukraine,UKR,Switzerland,CHE,16,24,0,,0,0,0
2012,Ukraine,UKR,Uruguay,URY,11,0,0,,0,0,0
2012,Ukraine,UKR,"United States of America",USA,1411,132,0,,0,0,0
2013,Ukraine,UKR,Argentina,ARG,24,7,0,,0,0,0
2013,Ukraine,UKR,Australia,AUS,20,14,0,,0,0,0
2013,Ukraine,UKR,Austria,AUT,311,125,0,,0,0,0
2013,Ukraine,UKR,Belgium,BEL,33,22,0,,0,0,0
2013,Ukraine,UKR,Canada,CAN,1605,243,0,,0,0,0
2013,Ukraine,UKR,"Costa Rica",CRI,18,0,0,,0,0,0
2013,Ukraine,UKR,Cyprus,CYP,28,5,0,,0,0,0
2013,Ukraine,UKR,Czechia,CZE,110,26,0,,0,0,0
2013,Ukraine,UKR,Denmark,DNK,16,15,0,,0,0,0
2013,Ukraine,UKR,Finland,FIN,5,6,0,,0,0,0
2013,Ukraine,UKR,France,FRA,732,57,0,,0,0,0
2013,Ukraine,UKR,"United Kingdom of Great Britain and Northern Ireland",GBR,124,68,0,,0,0,0
2013,Ukraine,UKR,Germany,DEU,261,259,0,,0,0,0
2013,Ukraine,UKR,Greece,GRC,6,110,0,,0,0,0
2013,Ukraine,UKR,Croatia,HRV,5,0,0,,0,0,0
2013,Ukraine,UKR,Hungary,HUN,9,5,0,,0,0,0
2013,Ukraine,UKR,Ireland,IRL,104,40,0,,0,0,0
2013,Ukraine,UKR,Italy,ITA,77,5,0,,0,0,0
2013,Ukraine,UKR,Lebanon,LBN,0,0,0,,0,0,6
2013,Ukraine,UKR,Lithuania,LTU,6,0,0,,0,0,0
2013,Ukraine,UKR,Luxembourg,LUX,5,5,0,,0,0,0
2013,Ukraine,UKR,Netherlands,NLD,63,0,0,,0,0,0
2013,Ukraine,UKR,Norway,NOR,9,8,0,,0,0,0
2013,Ukraine,UKR,Poland,POL,39,25,0,,0,0,0
2013,Ukraine,UKR,Portugal,PRT,0,5,0,,0,0,0
2013,Ukraine,UKR,"Russian Federation",RUS,5,10,0,,0,0,0
2013,Ukraine,UKR,Spain,ESP,6,9,0,,0,0,0
2013,Ukraine,UKR,Slovakia,SVK,17,0,0,,0,0,0
2013,Ukraine,UKR,Sweden,SWE,107,92,0,,0,0,0
2013,Ukraine,UKR,Switzerland,CHE,19,23,0,,0,0,0
2013,Ukraine,UKR,Uruguay,URY,11,0,0,,0,0,0
2013,Ukraine,UKR,"United States of America",USA,1379,447,0,,0,0,0
2014,Ukraine,UKR,Argentina,ARG,24,89,0,,0,0,0
2014,Ukraine,UKR,Armenia,ARM,43,27,0,,0,0,0
2014,Ukraine,UKR,Australia,AUS,22,59,0,,0,0,0
2014,Ukraine,UKR,Austria,AUT,300,0,0,,0,0,0
2014,Ukraine,UKR,Azerbaijan,AZE,0,12,0,,0,0,0
2014,Ukraine,UKR,Belgium,BEL,33,269,0,,0,0,0
2014,Ukraine,UKR,Belarus,BLR,284,167,0,,0,0,0
2014,Ukraine,UKR,Brazil,BRA,0,18,0,,0,0,0
2014,Ukraine,UKR,Bulgaria,BGR,0,36,0,,0,0,0
2014,Ukraine,UKR,Canada,CAN,1468,158,0,,0,0,0
2014,Ukraine,UKR,Chile,CHL,0,6,0,,0,0,0
2014,Ukraine,UKR,"Costa Rica",CRI,21,5,0,,0,0,0
2014,Ukraine,UKR,Cyprus,CYP,29,89,0,,0,0,0
2014,Ukraine,UKR,Czechia,CZE,292,174,0,,0,0,0
2014,Ukraine,UKR,Denmark,DNK,12,47,0,,0,0,0
2014,Ukraine,UKR,Estonia,EST,0,44,0,,0,0,0
2014,Ukraine,UKR,Fiji,FJI,0,6,0,,0,0,0
2014,Ukraine,UKR,Finland,FIN,9,54,0,,0,0,0
2014,Ukraine,UKR,France,FRA,737,1239,0,,0,0,0
2014,Ukraine,UKR,"United Kingdom of Great Britain and Northern Ireland",GBR,85,187,0,,0,0,0
2014,Ukraine,UKR,Georgia,GEO,0,354,0,,0,0,0
2014,Ukraine,UKR,Germany,DEU,299,2772,0,,0,0,0
2014,Ukraine,UKR,Greece,GRC,10,48,0,,0,0,0
2014,Ukraine,UKR,Croatia,HRV,5,5,0,,0,0,0
2014,Ukraine,UKR,Hungary,HUN,10,7,0,,0,0,0
2014,Ukraine,UKR,Iceland,ISL,6,10,0,,0,0,0
2014,Ukraine,UKR,India,IND,0,5,0,,0,0,0
2014,Ukraine,UKR,Ireland,IRL,97,57,0,,0,0,0
2014,Ukraine,UKR,Italy,ITA,236,1556,0,,0,0,0
2014,Ukraine,UKR,Jordan,JOR,0,5,0,,0,0,0
2014,Ukraine,UKR,Kazakhstan,KAZ,0,21,0,,0,0,0
2014,Ukraine,UKR,Kyrgyzstan,KGZ,0,18,0,,0,0,0
2014,Ukraine,UKR,"Rep. of Korea",KOR,0,7,0,,0,0,0
2014,Ukraine,UKR,Lebanon,LBN,0,5,0,,0,0,5
2014,Ukraine,UKR,Lithuania,LTU,34,21,0,,0,0,0
2014,Ukraine,UKR,Luxembourg,LUX,5,22,0,,0,0,0
2014,Ukraine,UKR,Latvia,LVA,0,52,0,,0,0,0
2014,Ukraine,UKR,"Rep. of Moldova",MDA,17,83,0,,0,0,0
2014,Ukraine,UKR,Mexico,MEX,0,10,0,,0,0,0
2014,Ukraine,UKR,Malta,MLT,27,5,0,,0,0,0
2014,Ukraine,UKR,Netherlands,NLD,52,105,0,,0,0,0
2014,Ukraine,UKR,Norway,NOR,8,39,0,,0,0,0
2014,Ukraine,UKR,Peru,PER,5,0,0,,0,0,0
2014,Ukraine,UKR,Poland,POL,35,1077,0,,0,0,0
2014,Ukraine,UKR,Portugal,PRT,16,137,0,,0,0,0
2014,Ukraine,UKR,Romania,ROU,13,10,0,,0,0,0
2014,Ukraine,UKR,"South Africa",ZAF,8,5,0,,0,0,0
2014,Ukraine,UKR,"Russian Federation",RUS,231787,2229,0,,0,0,0
2014,Ukraine,UKR,Spain,ESP,5,689,0,,0,0,0
2014,Ukraine,UKR,"Serbia and Kosovo: S/RES/1244 (1999)",SRB,0,5,0,,0,0,0
2014,Ukraine,UKR,Slovakia,SVK,17,0,0,,0,0,0
2014,Ukraine,UKR,Slovenia,SVN,0,8,0,,0,0,0
2014,Ukraine,UKR,Sweden,SWE,114,1094,0,,0,0,0
2014,Ukraine,UKR,Switzerland,CHE,17,132,0,,0,0,0
2014,Ukraine,UKR,Ukraine,UKR,0,0,823000,,0,0,0
2014,Ukraine,UKR,Uruguay,URY,11,0,0,,0,0,0
2014,Ukraine,UKR,"United States of America",USA,1424,1806,0,,0,0,0
2015,Ukraine,UKR,Argentina,ARG,44,146,0,,0,0,0
2015,Ukraine,UKR,Armenia,ARM,109,0,0,,0,0,0
2015,Ukraine,UKR,Australia,AUS,21,68,0,,0,0,0
2015,Ukraine,UKR,Austria,AUT,287,756,0,,0,0,0
2015,Ukraine,UKR,Azerbaijan,AZE,15,0,0,,0,0,0
2015,Ukraine,UKR,Belgium,BEL,122,234,0,,0,0,0
2015,Ukraine,UKR,Belarus,BLR,1089,209,0,,0,0,0
2015,Ukraine,UKR,Brazil,BRA,5,45,0,,0,0,0
2015,Ukraine,UKR,Bulgaria,BGR,0,75,0,,0,0,0
2015,Ukraine,UKR,Canada,CAN,1314,236,0,,0,0,0
2015,Ukraine,UKR,Chile,CHL,0,8,0,,0,0,0
2015,Ukraine,UKR,"Costa Rica",CRI,12,5,0,,0,0,0
2015,Ukraine,UKR,Cyprus,CYP,29,125,0,,0,0,0
2015,Ukraine,UKR,Czechia,CZE,444,241,0,,0,0,0
2015,Ukraine,UKR,Denmark,DNK,15,49,0,,0,0,0
2015,Ukraine,UKR,"Dominican Rep.",DOM,0,5,0,,0,0,0
2015,Ukraine,UKR,Estonia,EST,59,33,0,,0,0,0
2015,Ukraine,UKR,Fiji,FJI,0,6,0,,0,0,0
2015,Ukraine,UKR,Finland,FIN,10,44,0,,0,0,0
2015,Ukraine,UKR,France,FRA,1038,1533,0,,0,0,0
2015,Ukraine,UKR,"United Kingdom of Great Britain and Northern Ireland",GBR,85,139,0,,0,0,0
2015,Ukraine,UKR,Georgia,GEO,668,38,0,,0,0,0
2015,Ukraine,UKR,Germany,DEU,320,6628,0,,0,0,0
2015,Ukraine,UKR,Greece,GRC,85,124,0,,0,0,0
2015,Ukraine,UKR,Croatia,HRV,5,5,0,,0,0,0
2015,Ukraine,UKR,Hungary,HUN,17,11,0,,0,0,0
2015,Ukraine,UKR,Iceland,ISL,12,0,0,,0,0,0
2015,Ukraine,UKR,India,IND,0,13,0,,0,0,0
2015,Ukraine,UKR,Ireland,IRL,103,91,0,,0,0,0
2015,Ukraine,UKR,Italy,ITA,1870,3106,0,,0,0,0
2015,Ukraine,UKR,Jordan,JOR,0,25,0,,0,0,0
2015,Ukraine,UKR,Japan,JPN,0,22,0,,0,0,0
2015,Ukraine,UKR,Kazakhstan,KAZ,0,18,0,,0,0,0
2015,Ukraine,UKR,Kyrgyzstan,KGZ,10,10,0,,0,0,0
2015,Ukraine,UKR,"Rep. of Korea",KOR,5,17,0,,0,0,0
2015,Ukraine,UKR,Kuwait,KWT,0,5,0,,0,0,0
2015,Ukraine,UKR,Lebanon,LBN,0,0,0,,0,0,5
2015,Ukraine,UKR,Liechtenstein,LIE,0,10,0,,0,0,0
2015,Ukraine,UKR,Lithuania,LTU,60,13,0,,0,0,0
2015,Ukraine,UKR,Luxembourg,LUX,6,26,0,,0,0,0
2015,Ukraine,UKR,Latvia,LVA,0,5,0,,0,0,0
2015,Ukraine,UKR,Mauritania,MRT,5,0,0,,0,0,0
2015,Ukraine,UKR,"Rep. of Moldova",MDA,102,51,0,,0,0,0
2015,Ukraine,UKR,Mexico,MEX,5,0,0,,0,0,0
2015,Ukraine,UKR,Montenegro,MNE,0,7,0,,0,0,0
2015,Ukraine,UKR,Malta,MLT,78,23,0,,0,0,0
2015,Ukraine,UKR,Netherlands,NLD,39,315,0,,0,0,0
2015,Ukraine,UKR,Norway,NOR,0,35,0,,0,0,0
2015,Ukraine,UKR,Peru,PER,11,0,0,,0,0,0
2015,Ukraine,UKR,Poland,POL,41,719,0,,0,0,0
2015,Ukraine,UKR,Portugal,PRT,134,219,0,,0,0,0
2015,Ukraine,UKR,Romania,ROU,37,9,0,,0,0,0
2015,Ukraine,UKR,"South Africa",ZAF,8,13,0,,0,0,0
2015,Ukraine,UKR,"Russian Federation",RUS,311407,1097,0,,0,0,0
2015,Ukraine,UKR,"Serbia and Kosovo: S/RES/1244 (1999)",SRB,9,0,0,,0,0,0
2015,Ukraine,UKR,Slovakia,SVK,18,0,0,,0,0,0
2015,Ukraine,UKR,Sweden,SWE,133,1697,0,,0,0,0
2015,Ukraine,UKR,Switzerland,CHE,16,182,0,,0,0,0
2015,Ukraine,UKR,Ukraine,UKR,0,0,1600000,,0,0,0
2015,Ukraine,UKR,Uruguay,URY,11,0,0,,0,0,0
2015,Ukraine,UKR,"United States of America",USA,1486,3859,0,,0,0,0
2016,Ukraine,UKR,Argentina,ARG,83,184,0,,0,0,0
2016,Ukraine,UKR,Armenia,ARM,113,5,0,,0,0,0
2016,Ukraine,UKR,Australia,AUS,20,68,0,,0,0,0
2016,Ukraine,UKR,Austria,AUT,301,846,0,,0,0,0
2016,Ukraine,UKR,Azerbaijan,AZE,9,0,0,,0,0,0
2016,Ukraine,UKR,Belgium,BEL,166,220,0,,0,0,0
2016,Ukraine,UKR,Belarus,BLR,1184,178,0,,0,0,0
2016,Ukraine,UKR,Brazil,BRA,7,48,0,,0,0,0
2016,Ukraine,UKR,Bulgaria,BGR,0,78,0,,0,0,0
2016,Ukraine,UKR,Canada,CAN,1077,338,0,,0,0,0
2016,Ukraine,UKR,Chile,CHL,0,5,0,,0,0,0
2016,Ukraine,UKR,"Costa Rica",CRI,14,0,0,,0,0,0
2016,Ukraine,UKR,Cyprus,CYP,29,121,0,,0,0,0
2016,Ukraine,UKR,Czechia,CZE,444,232,0,,0,0,0
2016,Ukraine,UKR,Denmark,DNK,25,53,0,,0,0,0
2016,Ukraine,UKR,"Dominican Rep.",DOM,5,0,0,,0,0,0
2016,Ukraine,UKR,Estonia,EST,80,0,0,,0,0,0
2016,Ukraine,UKR,Finland,FIN,10,24,0,,0,0,0
2016,Ukraine,UKR,France,FRA,1382,636,0,,0,0,0
2016,Ukraine,UKR,"United Kingdom of Great Britain and Northern Ireland",GBR,90,96,0,,0,0,0
2016,Ukraine,UKR,Georgia,GEO,702,14,0,,0,0,0
2016,Ukraine,UKR,Germany,DEU,355,6346,0,,0,0,0
2016,Ukraine,UKR,Greece,GRC,112,144,0,,0,0,0
2016,Ukraine,UKR,Croatia,HRV,5,0,0,,0,0,0
2016,Ukraine,UKR,Hungary,HUN,19,5,0,,0,0,0
2016,Ukraine,UKR,Iceland,ISL,15,0,0,,0,0,0
2016,Ukraine,UKR,India,IND,0,8,0,,0,0,0
2016,Ukraine,UKR,Ireland,IRL,108,69,0,,0,0,0
2016,Ukraine,UKR,Israel,ISR,0,6797,0,,0,0,0
2016,Ukraine,UKR,Italy,ITA,3720,2544,0,,0,0,0
2016,Ukraine,UKR,Jordan,JOR,0,27,0,,0,0,0
2016,Ukraine,UKR,Kazakhstan,KAZ,0,18,0,,0,0,0
2016,Ukraine,UKR,Kyrgyzstan,KGZ,14,5,0,,0,0,0
2016,Ukraine,UKR,"Rep. of Korea",KOR,8,11,0,,0,0,0
2016,Ukraine,UKR,Kuwait,KWT,0,5,0,,0,0,0
2016,Ukraine,UKR,Lebanon,LBN,0,5,0,,0,0,5
2016,Ukraine,UKR,Liechtenstein,LIE,5,12,0,,0,0,0
2016,Ukraine,UKR,Lithuania,LTU,61,5,0,,0,0,0
2016,Ukraine,UKR,Luxembourg,LUX,6,40,0,,0,0,0
2016,Ukraine,UKR,Mauritania,MRT,5,0,0,,0,0,0
2016,Ukraine,UKR,"Rep. of Moldova",MDA,74,31,0,,0,0,0
2016,Ukraine,UKR,Mexico,MEX,6,0,0,,0,0,0
2016,Ukraine,UKR,Montenegro,MNE,0,5,0,,0,0,0
2016,Ukraine,UKR,Malta,MLT,109,64,0,,0,0,0
2016,Ukraine,UKR,Netherlands,NLD,32,64,0,,0,0,0
2016,Ukraine,UKR,Norway,NOR,9,8,0,,0,0,0
2016,Ukraine,UKR,Panama,PAN,0,6,0,,0,0,0
2016,Ukraine,UKR,Peru,PER,14,0,0,,0,0,0
2016,Ukraine,UKR,Poland,POL,114,520,0,,0,0,0
2016,Ukraine,UKR,Portugal,PRT,328,99,0,,0,0,0
2016,Ukraine,UKR,Romania,ROU,39,0,0,,0,0,0
2016,Ukraine,UKR,"South Africa",ZAF,6,8,0,,0,0,0
2016,Ukraine,UKR,"Russian Federation",RUS,226232,2183,0,,0,0,0
2016,Ukraine,UKR,Spain,ESP,68,5555,0,,0,0,0
2016,Ukraine,UKR,"Serbia and Kosovo: S/RES/1244 (1999)",SRB,14,0,0,,0,0,0
2016,Ukraine,UKR,Slovakia,SVK,21,0,0,,0,0,0
2016,Ukraine,UKR,Sweden,SWE,203,810,0,,0,0,0
2016,Ukraine,UKR,Switzerland,CHE,35,113,0,,0,0,0
2016,Ukraine,UKR,Ukraine,UKR,0,0,1800000,,0,0,0
2016,Ukraine,UKR,Uruguay,URY,11,0,0,,0,0,0
2016,Ukraine,UKR,"United States of America",USA,1573,5985,0,,0,0,0
2017,Ukraine,UKR,Argentina,ARG,94,159,0,,0,0,0
2017,Ukraine,UKR,Armenia,ARM,113,0,0,,0,0,0
2017,Ukraine,UKR,Australia,AUS,18,82,0,,0,0,0
2017,Ukraine,UKR,Austria,AUT,292,770,0,,0,0,0
2017,Ukraine,UKR,Azerbaijan,AZE,6,0,0,,0,0,0
2017,Ukraine,UKR,Belgium,BEL,166,195,0,,0,0,0
2017,Ukraine,UKR,Belarus,BLR,1694,255,0,,0,0,0
2017,Ukraine,UKR,Brazil,BRA,10,65,0,,0,0,0
2017,Ukraine,UKR,Bulgaria,BGR,0,50,0,,0,0,0
2017,Ukraine,UKR,Canada,CAN,1126,432,0,,0,0,0
2017,Ukraine,UKR,"Costa Rica",CRI,17,0,0,,0,0,0
2017,Ukraine,UKR,Cyprus,CYP,30,110,0,,0,0,0
2017,Ukraine,UKR,Czechia,CZE,444,186,0,,0,0,0
2017,Ukraine,UKR,Denmark,DNK,26,43,0,,0,0,0
2017,Ukraine,UKR,"Dominican Rep.",DOM,5,0,0,,0,0,0
2017,Ukraine,UKR,Ecuador,ECU,0,14,0,,0,0,0
2017,Ukraine,UKR,Estonia,EST,88,0,0,,0,0,0
2017,Ukraine,UKR,Finland,FIN,10,21,0,,0,0,0
2017,Ukraine,UKR,France,FRA,1605,439,0,,0,0,0
2017,Ukraine,UKR,"United Kingdom of Great Britain and Northern Ireland",GBR,110,137,0,,0,0,0
2017,Ukraine,UKR,Georgia,GEO,654,5,0,,0,0,0
2017,Ukraine,UKR,Germany,DEU,631,3963,0,,0,0,0
2017,Ukraine,UKR,Greece,GRC,134,99,0,,0,0,0
2017,Ukraine,UKR,Croatia,HRV,5,0,0,,0,0,0
2017,Ukraine,UKR,Hungary,HUN,19,0,0,,0,0,0
2017,Ukraine,UKR,Iceland,ISL,15,6,0,,0,0,0
2017,Ukraine,UKR,India,IND,0,6,0,,0,0,0
2017,Ukraine,UKR,Ireland,IRL,110,66,0,,0,0,0
2017,Ukraine,UKR,Israel,ISR,0,11507,0,,0,0,0
2017,Ukraine,UKR,Italy,ITA,4947,4453,0,,0,0,0
2017,Ukraine,UKR,Jordan,JOR,0,17,0,,0,0,0
2017,Ukraine,UKR,Kyrgyzstan,KGZ,17,9,0,,0,0,0
2017,Ukraine,UKR,"Rep. of Korea",KOR,12,18,0,,0,0,0
2017,Ukraine,UKR,Kuwait,KWT,0,5,0,,0,0,0
2017,Ukraine,UKR,Lebanon,LBN,0,5,0,,0,0,5
2017,Ukraine,UKR,Liechtenstein,LIE,5,5,0,,0,0,0
2017,Ukraine,UKR,Lithuania,LTU,63,21,0,,0,0,0
2017,Ukraine,UKR,Luxembourg,LUX,6,40,0,,0,0,0
2017,Ukraine,UKR,Mauritania,MRT,5,0,0,,0,0,0
2017,Ukraine,UKR,"Rep. of Moldova",MDA,60,16,0,,0,0,0
2017,Ukraine,UKR,Mexico,MEX,9,0,0,,0,0,0
2017,Ukraine,UKR,Malta,MLT,120,68,0,,0,0,0
2017,Ukraine,UKR,Netherlands,NLD,23,32,0,,0,0,0
2017,Ukraine,UKR,Norway,NOR,9,0,0,,0,0,0
2017,Ukraine,UKR,"New Zealand",NZL,0,5,0,,0,0,0
2017,Ukraine,UKR,Panama,PAN,0,5,0,,0,0,0
2017,Ukraine,UKR,Peru,PER,15,0,0,,0,0,0
2017,Ukraine,UKR,Poland,POL,369,333,0,,0,0,0
2017,Ukraine,UKR,Portugal,PRT,373,0,0,,0,0,0
2017,Ukraine,UKR,Romania,ROU,37,5,0,,0,0,0
2017,Ukraine,UKR,"Russian Federation",RUS,123600,1512,0,,0,0,0
2017,Ukraine,UKR,Spain,ESP,368,4466,0,,0,0,0
2017,Ukraine,UKR,"Serbia and Kosovo: S/RES/1244 (1999)",SRB,15,0,0,,0,0,0
2017,Ukraine,UKR,Slovakia,SVK,23,0,0,,0,0,0
2017,Ukraine,UKR,Slovenia,SVN,5,0,0,,0,0,0
2017,Ukraine,UKR,Sweden,SWE,208,387,0,,0,0,0
2017,Ukraine,UKR,Switzerland,CHE,42,84,0,,0,0,0
2017,Ukraine,UKR,Thailand,THA,5,0,0,,0,0,0
2017,Ukraine,UKR,Ukraine,UKR,0,0,1800000,,0,0,0
2017,Ukraine,UKR,Uruguay,URY,11,0,0,,0,0,0
2017,Ukraine,UKR,"United States of America",USA,1812,7574,0,,0,0,0
2018,Ukraine,UKR,Argentina,ARG,106,125,0,,0,0,0
2018,Ukraine,UKR,Armenia,ARM,115,5,0,,0,0,0
2018,Ukraine,UKR,Australia,AUS,22,87,0,,0,0,0
2018,Ukraine,UKR,Austria,AUT,282,537,0,,0,0,0
2018,Ukraine,UKR,Azerbaijan,AZE,5,0,0,,0,0,0
2018,Ukraine,UKR,Belgium,BEL,166,185,0,,0,0,0
2018,Ukraine,UKR,Belarus,BLR,1804,133,0,,0,0,0
2018,Ukraine,UKR,Brazil,BRA,14,65,0,,0,0,0
2018,Ukraine,UKR,Bulgaria,BGR,0,40,0,,0,0,0
2018,Ukraine,UKR,Canada,CAN,1319,298,0,,0,0,0
2018,Ukraine,UKR,"Costa Rica",CRI,17,0,0,,0,0,0
2018,Ukraine,UKR,Cyprus,CYP,30,120,0,,0,0,0
2018,Ukraine,UKR,Czechia,CZE,318,241,0,,0,0,0
2018,Ukraine,UKR,Denmark,DNK,27,46,0,,0,0,0
2018,Ukraine,UKR,Ecuador,ECU,14,0,0,,0,0,0
2018,Ukraine,UKR,Estonia,EST,64,9,0,,0,0,0
2018,Ukraine,UKR,Finland,FIN,8,38,0,,0,0,0
2018,Ukraine,UKR,France,FRA,1715,703,0,,0,0,0
2018,Ukraine,UKR,"United Kingdom of Great Britain and Northern Ireland",GBR,144,178,0,,0,0,0
2018,Ukraine,UKR,Georgia,GEO,617,10,0,,0,0,0
2018,Ukraine,UKR,Germany,DEU,741,3149,0,,0,0,0
2018,Ukraine,UKR,Greece,GRC,145,117,0,,0,0,0
2018,Ukraine,UKR,Croatia,HRV,8,5,0,,0,0,0
2018,Ukraine,UKR,Hungary,HUN,19,0,0,,0,0,0
2018,Ukraine,UKR,Iceland,ISL,17,24,0,,0,0,0
2018,Ukraine,UKR,India,IND,0,7,0,,0,0,0
2018,Ukraine,UKR,Ireland,IRL,78,53,0,,0,0,0
2018,Ukraine,UKR,Israel,ISR,0,7857,0,,0,0,0
2018,Ukraine,UKR,Italy,ITA,5861,4164,0,,0,0,0
2018,Ukraine,UKR,Jordan,JOR,0,18,0,,0,0,0
2018,Ukraine,UKR,Kyrgyzstan,KGZ,19,6,0,,0,0,0
2018,Ukraine,UKR,"Rep. of Korea",KOR,14,59,0,,0,0,0
2018,Ukraine,UKR,Kuwait,KWT,0,5,0,,0,0,0
2018,Ukraine,UKR,Lebanon,LBN,0,5,0,,0,0,0
2018,Ukraine,UKR,Liechtenstein,LIE,5,9,0,,0,0,0
2018,Ukraine,UKR,Lithuania,LTU,64,7,0,,0,0,0
2018,Ukraine,UKR,Luxembourg,LUX,6,20,0,,0,0,0
2018,Ukraine,UKR,Mauritania,MRT,5,0,0,,0,0,0
2018,Ukraine,UKR,"Rep. of Moldova",MDA,58,10,0,,0,0,0
2018,Ukraine,UKR,Mexico,MEX,18,5,0,,0,0,0
2018,Ukraine,UKR,Malta,MLT,136,43,0,,0,0,0
2018,Ukraine,UKR,Netherlands,NLD,23,31,0,,0,0,0
2018,Ukraine,UKR,Norway,NOR,10,14,0,,0,0,0
2018,Ukraine,UKR,Panama,PAN,0,5,0,,0,0,0
2018,Ukraine,UKR,Peru,PER,16,0,0,,0,0,0
2018,Ukraine,UKR,Poland,POL,464,309,0,,0,0,0
2018,Ukraine,UKR,Portugal,PRT,423,15,0,,0,0,0
2018,Ukraine,UKR,Romania,ROU,28,7,0,,0,0,0
2018,Ukraine,UKR,"Russian Federation",RUS,75146,795,0,,0,0,0
2018,Ukraine,UKR,Spain,ESP,562,4300,0,,0,0,0
2018,Ukraine,UKR,"Serbia and Kosovo: S/RES/1244 (1999)",SRB,15,0,0,,0,0,0
2018,Ukraine,UKR,Slovakia,SVK,23,0,0,,0,0,0
2018,Ukraine,UKR,Slovenia,SVN,5,0,0,,0,0,0
2018,Ukraine,UKR,Sweden,SWE,215,445,0,,0,0,0
2018,Ukraine,UKR,Switzerland,CHE,56,0,0,,0,0,0
2018,Ukraine,UKR,Ukraine,UKR,0,0,1500002,,0,0,0
2018,Ukraine,UKR,Uruguay,URY,11,0,0,,0,0,0
2018,Ukraine,UKR,"United States of America",USA,2270,7661,0,,0,0,0
2019,Ukraine,UKR,Argentina,ARG,117,91,0,,0,0,0
2019,Ukraine,UKR,Armenia,ARM,116,5,0,,0,0,0
2019,Ukraine,UKR,Australia,AUS,24,118,0,,0,0,0
2019,Ukraine,UKR,Austria,AUT,265,313,0,,0,0,0
2019,Ukraine,UKR,Azerbaijan,AZE,5,0,0,,0,0,0
2019,Ukraine,UKR,Belgium,BEL,254,105,0,,0,0,0
2019,Ukraine,UKR,Belarus,BLR,2300,98,0,,0,0,0
2019,Ukraine,UKR,"Bolivia (Plurinational State of)",BOL,5,0,0,,0,0,0
2019,Ukraine,UKR,Brazil,BRA,17,79,0,,0,0,0
2019,Ukraine,UKR,Bulgaria,BGR,0,40,0,,0,0,0
2019,Ukraine,UKR,Canada,CAN,1199,307,0,,0,0,0
2019,Ukraine,UKR,"Costa Rica",CRI,13,0,0,,0,0,0
2019,Ukraine,UKR,Cyprus,CYP,30,135,0,,0,0,0
2019,Ukraine,UKR,Czechia,CZE,305,146,0,,0,0,0
2019,Ukraine,UKR,Denmark,DNK,28,29,0,,0,0,0
2019,Ukraine,UKR,Ecuador,ECU,14,0,0,,0,0,0
2019,Ukraine,UKR,Estonia,EST,62,0,0,,0,0,0
2019,Ukraine,UKR,Finland,FIN,11,25,0,,0,0,0
2019,Ukraine,UKR,France,FRA,1839,1020,0,,0,0,0
2019,Ukraine,UKR,"United Kingdom of Great Britain and Northern Ireland",GBR,185,233,0,,0,0,0
2019,Ukraine,UKR,Georgia,GEO,306,6,0,,0,0,252
2019,Ukraine,UKR,Germany,DEU,847,2312,0,,0,0,0
2019,Ukraine,UKR,Greece,GRC,151,97,0,,0,0,0
2019,Ukraine,UKR,Croatia,HRV,8,0,0,,0,0,0
2019,Ukraine,UKR,Hungary,HUN,15,0,0,,0,0,0
2019,Ukraine,UKR,Iceland,ISL,18,5,0,,0,0,0
2019,Ukraine,UKR,India,IND,0,9,0,,0,0,0
2019,Ukraine,UKR,Ireland,IRL,81,33,0,,0,0,0
2019,Ukraine,UKR,Israel,ISR,5,5056,0,,0,0,0
2019,Ukraine,UKR,Italy,ITA,6353,1189,0,,0,0,0
2019,Ukraine,UKR,Jordan,JOR,0,19,0,,0,0,0
2019,Ukraine,UKR,Kyrgyzstan,KGZ,23,0,0,,0,0,0
2019,Ukraine,UKR,"Rep. of Korea",KOR,14,64,0,,0,0,0
2019,Ukraine,UKR,Kuwait,KWT,0,5,0,,0,0,0
2019,Ukraine,UKR,Lebanon,LBN,0,0,0,,0,0,5
2019,Ukraine,UKR,Liechtenstein,LIE,5,0,0,,0,0,0
2019,Ukraine,UKR,Lithuania,LTU,64,5,0,,0,0,0
2019,Ukraine,UKR,Luxembourg,LUX,6,25,0,,0,0,0
2019,Ukraine,UKR,Mauritania,MRT,5,0,0,,0,0,0
2019,Ukraine,UKR,"Rep. of Moldova",MDA,53,5,0,,0,0,0
2019,Ukraine,UKR,Mexico,MEX,17,5,0,,0,0,0
2019,Ukraine,UKR,Malta,MLT,142,59,0,,0,0,0
2019,Ukraine,UKR,Netherlands,NLD,20,59,0,,0,0,0
2019,Ukraine,UKR,Norway,NOR,10,15,0,,0,0,0
2019,Ukraine,UKR,Panama,PAN,0,5,0,,0,0,0
2019,Ukraine,UKR,Peru,PER,17,0,0,,0,0,0
2019,Ukraine,UKR,Poland,POL,485,515,0,,0,0,0
2019,Ukraine,UKR,Portugal,PRT,436,93,0,,0,0,0
2019,Ukraine,UKR,Romania,ROU,22,5,0,,0,0,0
2019,Ukraine,UKR,"South Africa",ZAF,5,0,0,,0,0,0
2019,Ukraine,UKR,"Russian Federation",RUS,40393,858,0,,0,0,0
2019,Ukraine,UKR,Spain,ESP,631,6460,0,,0,0,0
2019,Ukraine,UKR,"Serbia and Kosovo: S/RES/1244 (1999)",SRB,15,0,0,,0,0,0
2019,Ukraine,UKR,Slovakia,SVK,24,0,0,,0,0,0
2019,Ukraine,UKR,Slovenia,SVN,5,0,0,,0,0,0
2019,Ukraine,UKR,Sweden,SWE,223,471,0,,0,0,0
2019,Ukraine,UKR,Switzerland,CHE,65,50,0,,0,0,0
2019,Ukraine,UKR,Ukraine,UKR,0,0,734000,,0,0,1680000
2019,Ukraine,UKR,Uruguay,URY,11,5,0,,0,0,0
2019,Ukraine,UKR,"United States of America",USA,2580,7817,0,,0,0,0
2020,Ukraine,UKR,Argentina,ARG,118,88,0,,0,0,0
2020,Ukraine,UKR,Armenia,ARM,115,0,0,,0,0,0
2020,Ukraine,UKR,Australia,AUS,24,97,0,,0,0,0
2020,Ukraine,UKR,Austria,AUT,251,182,0,,0,0,0
2020,Ukraine,UKR,Azerbaijan,AZE,5,0,0,,0,0,0
2020,Ukraine,UKR,Belgium,BEL,254,155,0,,0,0,0
2020,Ukraine,UKR,Belarus,BLR,2471,96,0,,0,0,0
2020,Ukraine,UKR,"Bolivia (Plurinational State of)",BOL,5,0,0,,0,0,0
2020,Ukraine,UKR,Brazil,BRA,19,80,0,,0,0,0
2020,Ukraine,UKR,Bulgaria,BGR,0,32,0,,0,0,0
2020,Ukraine,UKR,Canada,CAN,1205,190,0,,0,0,0
2020,Ukraine,UKR,"Costa Rica",CRI,13,0,0,,0,0,0
2020,Ukraine,UKR,Cyprus,CYP,30,139,0,,0,0,0
2020,Ukraine,UKR,Czechia,CZE,284,121,0,,0,0,0
2020,Ukraine,UKR,Denmark,DNK,29,28,0,,0,0,0
2020,Ukraine,UKR,Ecuador,ECU,15,5,0,,0,0,0
2020,Ukraine,UKR,Estonia,EST,29,0,0,,0,0,0
2020,Ukraine,UKR,Finland,FIN,11,43,0,,0,0,0
2020,Ukraine,UKR,France,FRA,1921,1940,0,,0,0,0
2020,Ukraine,UKR,"United Kingdom of Great Britain and Northern Ireland",GBR,208,228,0,,0,0,0
2020,Ukraine,UKR,Georgia,GEO,493,13,0,,0,0,0
2020,Ukraine,UKR,Germany,DEU,895,1519,0,,0,0,0
2020,Ukraine,UKR,Greece,GRC,158,63,0,,0,0,0
2020,Ukraine,UKR,Croatia,HRV,8,0,0,,0,0,0
2020,Ukraine,UKR,Hungary,HUN,14,0,0,,0,0,0
2020,Ukraine,UKR,Iceland,ISL,19,0,0,,0,0,0
2020,Ukraine,UKR,India,IND,0,5,0,,0,0,0
2020,Ukraine,UKR,Ireland,IRL,85,19,0,,0,0,0
2020,Ukraine,UKR,Israel,ISR,27,1829,0,,0,0,0
2020,Ukraine,UKR,Italy,ITA,2920,961,0,,0,0,0
2020,Ukraine,UKR,Jordan,JOR,0,10,0,,0,0,0
2020,Ukraine,UKR,Kyrgyzstan,KGZ,21,0,0,,0,0,0
2020,Ukraine,UKR,"Rep. of Korea",KOR,14,30,0,,0,0,0
2020,Ukraine,UKR,Kuwait,KWT,0,5,0,,0,0,0
2020,Ukraine,UKR,Lebanon,LBN,0,0,0,,0,0,5
2020,Ukraine,UKR,Liechtenstein,LIE,5,0,0,,0,0,0
2020,Ukraine,UKR,Lithuania,LTU,64,5,0,,0,0,0
2020,Ukraine,UKR,Luxembourg,LUX,5,5,0,,0,0,0
2020,Ukraine,UKR,"Rep. of Moldova",MDA,33,5,0,,0,0,0
2020,Ukraine,UKR,Mexico,MEX,17,5,0,,0,0,0
2020,Ukraine,UKR,Malta,MLT,141,44,0,,0,0,0
2020,Ukraine,UKR,Netherlands,NLD,21,21,0,,0,0,0
2020,Ukraine,UKR,Norway,NOR,10,9,0,,0,0,0
2020,Ukraine,UKR,Panama,PAN,0,5,0,,0,0,0
2020,Ukraine,UKR,Peru,PER,17,0,0,,0,0,0
2020,Ukraine,UKR,Poland,POL,416,305,0,,0,0,0
2020,Ukraine,UKR,Portugal,PRT,443,59,0,,0,0,0
2020,Ukraine,UKR,Romania,ROU,20,5,0,,0,0,0
2020,Ukraine,UKR,"South Africa",ZAF,5,0,0,,0,0,0
2020,Ukraine,UKR,"Russian Federation",RUS,18428,148,0,,0,0,0
2020,Ukraine,UKR,Spain,ESP,922,4290,0,,0,0,0
2020,Ukraine,UKR,"Serbia and Kosovo: S/RES/1244 (1999)",SRB,15,0,0,,0,0,0
2020,Ukraine,UKR,Slovakia,SVK,24,0,0,,0,0,0
2020,Ukraine,UKR,Slovenia,SVN,5,0,0,,0,0,0
2020,Ukraine,UKR,Sweden,SWE,232,390,0,,0,0,0
2020,Ukraine,UKR,Switzerland,CHE,80,25,0,,0,0,0
2020,Ukraine,UKR,Ukraine,UKR,0,0,734000,,0,0,1620000
2020,Ukraine,UKR,Uruguay,URY,11,5,0,,0,0,0
2020,Ukraine,UKR,"United States of America",USA,2581,8222,0,,0,0,0
2021,Ukraine,UKR,Argentina,ARG,121,84,0,,0,0,0
2021,Ukraine,UKR,Armenia,ARM,117,0,0,,0,0,0
2021,Ukraine,UKR,Australia,AUS,18,99,0,,0,0,0
2021,Ukraine,UKR,Austria,AUT,253,113,0,,0,0,0
2021,Ukraine,UKR,Azerbaijan,AZE,5,0,0,,0,0,0
2021,Ukraine,UKR,Belgium,BEL,289,155,0,,0,0,0
2021,Ukraine,UKR,Belarus,BLR,2378,14,0,,0,0,0
2021,Ukraine,UKR,"Bolivia (Plurinational State of)",BOL,5,0,0,,0,0,0
2021,Ukraine,UKR,Brazil,BRA,20,83,0,,0,0,0
2021,Ukraine,UKR,Bulgaria,BGR,0,6,0,,0,0,0
2021,Ukraine,UKR,Canada,CAN,1228,98,0,,0,0,0
2021,Ukraine,UKR,"Costa Rica",CRI,13,5,0,,0,0,0
2021,Ukraine,UKR,Cyprus,CYP,31,64,0,,0,0,0
2021,Ukraine,UKR,Czechia,CZE,225,120,0,,0,0,0
2021,Ukraine,UKR,Denmark,DNK,29,14,0,,0,0,0
2021,Ukraine,UKR,Ecuador,ECU,15,0,0,,0,0,0
2021,Ukraine,UKR,Estonia,EST,28,0,0,,0,0,0
2021,Ukraine,UKR,Finland,FIN,11,14,0,,0,0,0
2021,Ukraine,UKR,France,FRA,2801,588,0,,0,0,0
2021,Ukraine,UKR,"United Kingdom of Great Britain and Northern Ireland",GBR,225,266,0,,0,0,0
2021,Ukraine,UKR,Georgia,GEO,481,0,0,,0,0,0
2021,Ukraine,UKR,Germany,DEU,918,1328,0,,0,0,0
2021,Ukraine,UKR,Greece,GRC,169,99,0,,0,0,0
2021,Ukraine,UKR,Croatia,HRV,8,0,0,,0,0,0
2021,Ukraine,UKR,Hungary,HUN,13,0,0,,0,0,0
2021,Ukraine,UKR,Iceland,ISL,20,0,0,,0,0,0
2021,Ukraine,UKR,India,IND,0,5,0,,0,0,0
2021,Ukraine,UKR,Ireland,IRL,79,15,0,,0,0,0
2021,Ukraine,UKR,Israel,ISR,27,544,0,,0,0,0
2021,Ukraine,UKR,Italy,ITA,3379,680,0,,0,0,0
2021,Ukraine,UKR,Jordan,JOR,0,9,0,,0,0,0
2021,Ukraine,UKR,Kyrgyzstan,KGZ,18,0,0,,0,0,0
2021,Ukraine,UKR,"Rep. of Korea",KOR,14,24,0,,0,0,0
2021,Ukraine,UKR,Kuwait,KWT,0,5,0,,0,0,0
2021,Ukraine,UKR,Lebanon,LBN,0,0,0,,0,0,5
2021,Ukraine,UKR,Liechtenstein,LIE,5,0,0,,0,0,0
2021,Ukraine,UKR,Lithuania,LTU,64,5,0,,0,0,0
2021,Ukraine,UKR,Luxembourg,LUX,5,10,0,,0,0,0
2021,Ukraine,UKR,Latvia,LVA,0,5,0,,0,0,0
2021,Ukraine,UKR,"Rep. of Moldova",MDA,18,7,0,,0,0,0
2021,Ukraine,UKR,Mexico,MEX,19,5,0,,0,0,0
2021,Ukraine,UKR,Malta,MLT,142,54,0,,0,0,0
2021,Ukraine,UKR,Netherlands,NLD,34,35,0,,0,0,0
2021,Ukraine,UKR,Norway,NOR,13,0,0,,0,0,0
2021,Ukraine,UKR,Panama,PAN,0,5,0,,0,0,0
2021,Ukraine,UKR,Peru,PER,17,0,0,,0,0,0
2021,Ukraine,UKR,Poland,POL,422,109,0,,0,0,0
2021,Ukraine,UKR,Portugal,PRT,447,40,0,,0,0,0
2021,Ukraine,UKR,Romania,ROU,17,0,0,,0,0,0
2021,Ukraine,UKR,"South Africa",ZAF,5,0,0,,0,0,0
2021,Ukraine,UKR,"Russian Federation",RUS,8921,126,0,,0,0,0
2021,Ukraine,UKR,Spain,ESP,1515,2820,0,,0,0,0
2021,Ukraine,UKR,"Serbia and Kosovo: S/RES/1244 (1999)",SRB,15,0,0,,0,0,0
2021,Ukraine,UKR,Slovakia,SVK,24,0,0,,0,0,0
2021,Ukraine,UKR,Slovenia,SVN,5,0,0,,0,0,0
2021,Ukraine,UKR,Sweden,SWE,226,334,0,,0,0,0
2021,Ukraine,UKR,Switzerland,CHE,91,29,0,,0,0,0
2021,Ukraine,UKR,Ukraine,UKR,0,0,854000,,0,0,1424800
2021,Ukraine,UKR,Uruguay,URY,11,6,0,,0,0,0
2021,Ukraine,UKR,"United States of America",USA,2608,11404,0,,0,0,0
2022,Ukraine,UKR,Albania,ALB,2192,0,0,,0,,0
2022,Ukraine,UKR,Argentina,ARG,121,84,0,,0,,0
2022,Ukraine,UKR,Armenia,ARM,131,217,0,,0,,0
2022,Ukraine,UKR,Australia,AUS,26,267,0,,0,,2943
2022,Ukraine,UKR,Austria,AUT,74689,321,0,,0,,0
2022,Ukraine,UKR,Azerbaijan,AZE,4788,41,0,,0,,0
2022,Ukraine,UKR,Belgium,BEL,48238,160,0,,0,,0
2022,Ukraine,UKR,Belarus,BLR,12231,743,0,,0,,0
2022,Ukraine,UKR,"Bolivia (Plurinational State of)",BOL,5,0,0,,0,,0
2022,Ukraine,UKR,Brazil,BRA,34,70,0,,0,,0
2022,Ukraine,UKR,"Bosnia and Herzegovina",BIH,234,25,0,,0,,37
2022,Ukraine,UKR,Bulgaria,BGR,119450,325,0,,0,,0
2022,Ukraine,UKR,Canada,CAN,149,217,0,,0,,0
2022,Ukraine,UKR,Chile,CHL,0,75,0,,0,,0
2022,Ukraine,UKR,Colombia,COL,0,10,0,,0,,0
2022,Ukraine,UKR,"Costa Rica",CRI,13,21,0,,0,,0
2022,Ukraine,UKR,Cyprus,CYP,13707,94,0,,0,,0
2022,Ukraine,UKR,Czechia,CZE,386371,278,0,,0,,0
2022,Ukraine,UKR,Denmark,DNK,27954,1191,0,,0,,0
2022,Ukraine,UKR,Ecuador,ECU,44,16,0,,0,,0
2022,Ukraine,UKR,Estonia,EST,28181,69,0,,0,,0
2022,Ukraine,UKR,Finland,FIN,29172,715,0,,0,,0
2022,Ukraine,UKR,France,FRA,94970,1334,0,,0,,0
2022,Ukraine,UKR,"United Kingdom of Great Britain and Northern Ireland",GBR,91223,709,0,,0,,0
2022,Ukraine,UKR,Georgia,GEO,22647,113,0,,0,,0
2022,Ukraine,UKR,Germany,DEU,876311,1512,0,,0,,0
2022,Ukraine,UKR,Ghana,GHA,0,5,0,,0,,0
2022,Ukraine,UKR,Greece,GRC,16882,129,0,,0,,0
2022,Ukraine,UKR,Guatemala,GTM,0,5,0,,0,,0
2022,Ukraine,UKR,Croatia,HRV,15387,0,0,,0,,0
2022,Ukraine,UKR,Hungary,HUN,25982,5,0,,0,,0
2022,Ukraine,UKR,Iceland,ISL,1240,55,0,,0,,0
2022,Ukraine,UKR,India,IND,0,32,0,,0,,0
2022,Ukraine,UKR,Ireland,IRL,41043,205,0,,0,,0
2022,Ukraine,UKR,Iraq,IRQ,0,5,0,,0,,0
2022,Ukraine,UKR,Israel,ISR,27,433,0,,0,,35000
2022,Ukraine,UKR,Italy,ITA,145593,1689,0,,0,,0
2022,Ukraine,UKR,Jordan,JOR,0,9,0,,0,,0
2022,Ukraine,UKR,Kazakhstan,KAZ,0,228,0,,0,,0
2022,Ukraine,UKR,Kyrgyzstan,KGZ,17,6,0,,0,,0
2022,Ukraine,UKR,"Rep. of Korea",KOR,14,24,0,,0,,0
2022,Ukraine,UKR,Kuwait,KWT,0,5,0,,0,,0
2022,Ukraine,UKR,Lebanon,LBN,0,12,0,,0,,5
2022,Ukraine,UKR,Liechtenstein,LIE,280,0,0,,0,,0
2022,Ukraine,UKR,Lithuania,LTU,47569,9,0,,0,,0
2022,Ukraine,UKR,Luxembourg,LUX,4259,10,0,,0,,0
2022,Ukraine,UKR,Latvia,LVA,34256,5,0,,0,,0
2022,Ukraine,UKR,"North Macedonia",MKD,1174,0,0,,0,,0
2022,Ukraine,UKR,"Rep. of Moldova",MDA,75762,7108,0,,0,,0
2022,Ukraine,UKR,Mexico,MEX,20,114,0,,0,,17583
2022,Ukraine,UKR,Montenegro,MNE,9133,0,0,,0,,76
2022,Ukraine,UKR,Malta,MLT,1337,112,0,,0,,0
2022,Ukraine,UKR,Netherlands,NLD,67612,96,0,,0,,0
2022,Ukraine,UKR,Norway,NOR,19916,2308,0,,0,,0
2022,Ukraine,UKR,"New Zealand",NZL,0,6,0,,0,,0
2022,Ukraine,UKR,Panama,PAN,9,6,0,,0,,0
2022,Ukraine,UKR,Paraguay,PRY,0,5,0,,0,,0
2022,Ukraine,UKR,Peru,PER,23,12,0,,0,,0
2022,Ukraine,UKR,Philippines,PHL,0,5,0,,0,,0
2022,Ukraine,UKR,Poland,POL,1200207,939,0,,0,,0
2022,Ukraine,UKR,Portugal,PRT,38272,195,0,,0,,0
2022,Ukraine,UKR,Romania,ROU,83326,65,0,,0,,0
2022,Ukraine,UKR,"South Africa",ZAF,5,0,0,,0,,0
2022,Ukraine,UKR,"Russian Federation",RUS,1456250,4400,0,,0,,0
2022,Ukraine,UKR,"Saudi Arabia",SAU,0,5,0,,0,,0
2022,Ukraine,UKR,Spain,ESP,128129,1700,0,,0,,0
2022,Ukraine,UKR,"Serbia and Kosovo: S/RES/1244 (1999)",SRB,772,5,0,,0,,73
2022,Ukraine,UKR,Slovakia,SVK,83297,8,0,,0,,0
2022,Ukraine,UKR,Slovenia,SVN,6652,38,0,,0,,0
2022,Ukraine,UKR,Sweden,SWE,40129,1345,0,,0,,0
2022,Ukraine,UKR,Switzerland,CHE,57697,23,0,,0,,0
2022,Ukraine,UKR,Ukraine,UKR,0,0,6275000,,0,,0
2022,Ukraine,UKR,Uruguay,URY,15,5,0,,0,,0
2022,Ukraine,UKR,"United States of America",USA,2794,12142,0,,0,,0
